{"player_x":4907.2124023438,"player_y":4925.8178710938,"player_a":-15.038749694824,"walls":[[501,1027,0,200],[3522.9997558594,2335,3.8667750358582,95.452415466309],[2632,1376,0,200],[689,3215.9995117188,0,200],[3218,4239,0,200],[2035,2578,0,200],[3824,639,0,200],[714,2619,0,200],[3185,531,0,200],[2034,768,0,200],[4971.4487304688,4597.65234375,0,200],[4471.89453125,4989.515625,0,200],[4180.4760742188,4906.8286132812,0,200],[3908.0751953125,4761.8579101562,0,200],[4856.9912109375,4289.9360351562,0,200],[4535.6279296875,4387.2817382812,0,200],[4294.537109375,4274.7436523438,0,200],[4255.7075195312,3971.9499511719,0,200],[4320.6127929688,3645.095703125,0,200],[4386.9990234375,3362.5541992188,0,200],[4608.3076171875,4090.7893066406,0,200],[4945.2504882812,3922.3918457031,0,200],[4543.5317382812,3794.966796875,0,200],[4774.5932617188,3693.5668945312,0,200],[4634.5107421875,3466.5305175781,0,200],[4942.537109375,3365.5505371094,0,200],[4689.744140625,3215.2014160156,0,200],[4887.1435546875,3049.2102050781,0,200],[4451.4208984375,3068.6662597656,0,200],[4698.7026367188,2928.9636230469,0,200],[4872.9921875,2762.474609375,0,200],[4899.1298828125,2515.6997070312,0,200],[4893.490234375,2215.8078613281,0,200],[4899.5493164062,1906.1015625,0,200],[4949.0048828125,1649.0290527344,0,200],[4944.83984375,1370.5588378906,0,200],[4934.279296875,1000.3538818359,0,200],[4943.3940429688,719.03265380859,0,200],[4943.0727539062,408.18045043945,0,200],[4949.314453125,102.3821105957,0,200],[4566.4985351562,63.780632019043,0,200],[4762.845703125,12.190686225891,0,200],[3617.7932128906,4812.2631835938,0,200],[3390.4567871094,4714.1840820312,0,200],[3169.9367675781,4528.7983398438,0,200],[3224.6613769531,3993.7375488281,0,200],[3277.7607421875,3751.0268554688,0,200],[3202.6267089844,3525.0563964844,0,200],[2974.7250976562,3449.8005371094,0,200],[2772.3134765625,3313.4406738281,0,200],[2638.6337890625,3131.0473632812,0,200],[2470.7062988281,2939.4821777344,0,200],[2254.0859375,2785.0168457031,0,200],[2109.6149902344,2352.2136230469,0,200],[2191.0246582031,2089.5656738281,0,200],[2306.4501953125,1799.2580566406,0,200],[2440.5700683594,1577.0423583984,0,200],[2872.3293457031,1359.5092773438,0,200],[3748.0412597656,1168.1284179688,0,200],[4013.515625,1241.0744628906,0,200],[4204.3466796875,1445.4271240234,0,200],[4320.330078125,1644.7352294922,0,200],[4525.4208984375,1838.5026855469,0,200],[4693.5620117188,2058.8608398438,0,200],[3146.8676757812,1978.8933105469,4.1746053695679,41.468688964844],[3965.3725585938,2354.4384765625,3.5534739494324,43.093181610107],[3347.724609375,2916.1574707031,5.4052958488464,80.454124450684],[2883.5922851562,2271.4763183594,0.31488114595413,87.818214416504],[2881.8977050781,1911.6441650391,2.3517167568207,68.11743927002],[4079.1557617188,3565.9875488281,0,200],[3546.2541503906,3681.0065917969,0,200],[4358.3159179688,2266.0290527344,4.2049608230591,63.686763763428],[4118.7094726562,2219.1801757812,2.2083668708801,70.256469726562],[3712.6728515625,864.78619384766,0,200],[4239.9731445312,53.31400680542,0,200],[3981.6574707031,69.459648132324,0,200],[4646.0546875,1534.7438964844,0,200],[4729.8413085938,1748.2634277344,0,200],[4416.3461914062,1365.8099365234,0,200],[4691.810546875,1221.0551757812,0,200],[2946.3012695312,1102.294921875,0,200],[3708.9038085938,34.300792694092,0,200],[3341.21484375,19.376083374023,0,200],[2978.5300292969,28.318168640137,0,200],[2629.6005859375,21.592123031616,0,200],[2278.6809082031,43.368499755859,0,200],[2007.0832519531,33.810642242432,0,200],[1756.1549072266,28.031789779663,0,200],[1247.5958251953,35.072341918945,0,200],[1480.8247070312,97.657287597656,0,200],[930.96514892578,125.39541625977,0,200],[2441.5004882812,1204.4106445312,0,200],[2218.9035644531,1024.7980957031,0,200],[1378.0903320312,418.03268432617,0,200],[1382.9710693359,741.63940429688,0,200],[1453.5264892578,982.21124267578,0,200],[1837.6722412109,1266.2375488281,1.0786052942276,74.054870605469],[1599.8226318359,1485.0573730469,1.7741956710815,89.020820617676],[1297.0770263672,1247.7784423828,0,200],[1228.525390625,1607.8029785156,0,200],[1503.0145263672,1885.3872070312,0,200],[1717.1892089844,1964.8436279297,0,200],[1657.7297363281,2523.8251953125,5.1719746589661,90.378700256348],[1387.9230957031,2296.7912597656,1.6313998699188,89.196388244629],[1539.3757324219,2408.5502929688,0.29353618621826,46.043464660645],[873.46826171875,1385.814453125,0,200],[1076.5561523438,1370.7381591797,0,200],[606.41876220703,1304.0679931641,0,200],[16.08359336853,799.02648925781,0,200],[7.7117586135864,1148.2264404297,0,200],[10.317444801331,1542.8200683594,0,200],[18.727027893066,492.79278564453,0,200],[79.913436889648,131.33052062988,0,200],[365.14562988281,46.131530761719,0,200],[645.32855224609,53.581352233887,0,200],[979.89971923828,897.62438964844,6.0999937057495,80.897811889648],[960.19732666016,491.04504394531,4.2386379241943,84.248779296875],[573.76403808594,572.54498291016,2.6346921920776,73.954544067383],[36.522384643555,1859.267578125,0,200],[67.35075378418,2246.3388671875,0,200],[85.55736541748,2574.2160644531,0,200],[125.20710754395,2841.3237304688,0,200],[123.15454101562,3174.9211425781,0,200],[452.65692138672,3185.5046386719,0,200],[817.33947753906,3453.48828125,0,200],[665.61456298828,3636.5522460938,0,200],[459.14614868164,3492.1228027344,0,200],[384.71270751953,3732.021484375,0,200],[223.74043273926,3446.1770019531,0,200],[49.751789093018,3620.2033691406,0,200],[11.734762191772,3400.9689941406,0,200],[99.412940979004,3883.4650878906,0,200],[77.396286010742,4161.0517578125,0,200],[129.73863220215,4427.0859375,0,200],[57.610042572021,4668.4560546875,0,200],[163.07214355469,4966.5869140625,0,200],[441.9196472168,4865.7421875,0,200],[294.15649414062,4654.1923828125,0,200],[964.04016113281,4883.3662109375,0,200],[1251.8173828125,4928.82421875,0,200],[1506.4058837891,4960.6440429688,0,200],[1805.9482421875,4957.6694335938,0,200],[2146.0246582031,4871.552734375,0,200],[2421.5515136719,4945.2651367188,0,200],[3255.0720214844,4923.3896484375,0,200],[3472.1706542969,4974.2529296875,0,200],[2949.5131835938,4969.1684570312,0,200],[2676.1943359375,4948.193359375,0,200],[3041.875,4719.3491210938,0,200],[2495.1052246094,3380.1545410156,0,200],[2259.2685546875,3542.9460449219,0,200],[2049.9555664062,3764.111328125,0,200],[1979.6440429688,4105.4609375,0,200],[2317.0141601562,4657.6767578125,0,200],[2475.3103027344,4426.734375,0,200],[2716.6140136719,3852.1059570312,4.2842149734497,73.404266357422],[2825.06640625,4230.615234375,0.048812761902809,56.036094665527],[1009.7138061523,3612.2954101562,0,200],[1243.609375,3689.2358398438,0,200],[1522.9760742188,3839.5529785156,0,200],[918.94085693359,4057.9208984375,1.5529583692551,82.873428344727],[854.08081054688,4571.8452148438,4.9547390937805,52.344974517822],[736.57116699219,4308.7719726562,0.8706431388855,100.49869537354],[1482.7613525391,4387.2954101562,4.3638467788696,102.16892242432],[3894.5197753906,4982.5922851562,0,200],[3694.9299316406,4996.3393554688,0,200]]}